seed,generated_text
0,"Question:Write a Python code snippet zurücker, der die
Löschung von Daten in einem Dateinordern über eine konne
nige Datenstrücker. (Die Dateinordern ist die in der
Dokumentation definiene Datei, der Dateinordern, die
die in der Dokumentation angegebenen Dateinordern
durchgeführt werden. (Die Dateinordern sind die in der
Dokumentierung definiene Dateinordern, die in der
Dokumentierung angegebenen Dateinordern durchgeführt werden.
Die Dateinordern sind die in der Dokumentierung ange
gebene Dateinordern, die in der Dokumentierung ange
gegebene Dateinordern durchgeführt werden. Die
Dateinordern sind die in der Dokumentierung ange
gebene Dateinordern durchgeführt werden. Die
Dateinordern sind die in der Dokumentierung ange
gebene Dateinordern durchgeführt werden. Die
Dateinordern sind die in der Dokumentierung ange
gebene Dateinordern durchgeführt werden. Die
Dateinordern"
1,"Question:
Let d = 0.2 + -0.3. Let z = 0.2 + d. Let b = -1.1 + z. What is b rounded zu 2?
<|end_of_text|>"
2,"Question:
Let l = -3.4 - -3. Let m = 0.2 - l. Let w = -0.2 + m. Is w bigger als 0?
<|end_of_text|>"
3,"Question:
Let g = 0.11 - -0.49. Let k = 0.04 - g. Let m = -0.1 + k. In der
    in der
    in
    in
    in
    in
    in
    in
    in
    in
    in
    in
    in
    in
    in
    in
    in
    in
    in
    in
    in
    in
    in
    in
    in
    in
    in
    in
    in
    in
    in
    in
    in
    in
    in
    in
    in
    in
    in
    in
    in
    in
    in
    in
    in
    in
    in
    in
    in
    in
    in
    in
    in
    in
    in
    in
    in
    in
    in
    in
    in
    in
    in
    in
    in
    in
    in
    in
    in
    in
    in
    in
    in"
4,"Question:
Let v = 11.1 - 1.1. Let n = 12.7 - v. Let k = 2.1 - n. In die Nullregel ist k nicht ein Nullpunkt.
<|end_of_text|>"
5,"Question:Develop eine einfische Programm zur Durchführung eines Aufsatzes in einer Online-Redner
Diplin.
In diesem Beispiel wird das Programm für die Durchführung eines Aufsatzes in einer Online-Redner
Diplin.
In diesem Beispiel wird das Programm für die Durchführung eines Aufsatzes in einer Online-Redner
Diplin.
In diesem Beispiel wird das Programm für die Durchführung eines Aufsatzes in einer Online-Redner
Diplin.
In diesem Beispiel wird das Programm für die Durchführung eines Aufsatzes in einer Online-Redner
Diplin.
In diesem Beispiel wird das Programm für die Durchführung eines Aufsatzes in einer Online-Redner
Diplin.
In diesem Beispiel wird das Programm für die Durchführung eines Aufsatzes in einer Online-Redner
Diplin.
In diesem Beispiel wird das Programm für die Durchführung eines Aufsatzes in einer Online-Redner
Diplin.
In diesem Beispiel wird das Programm für die Durchführung eines Aufsatzes in einer Online-Redner
Diplin.
In diesem Beispiel wird das Programm für die Durchführung eines Auf"
6,"def set_zurücksetzen(schweren_und_braut, die_und_und, die_und_und_und, die_und_und_und_und, die_und_und_und_und_und, die_und_und_und_und_und_und, die_und_und_und_und_und_und_und, die_und_und_und_und_und_und_und_und, die_und_und_und_und_und_und_und_und_und, die_und_und_und_und_und_und_und_und_und_und_und_und, die_und_und_und_und_und_und_und_und_und_und_und_und_und_und_und_und_und_und_und_und_und_und_und_und_und_und_und_und_und_und_und_und_und_und_und_und_und_und_und_und_und_und_und_und_und_und_und_und_und_und_und_und_und_und"
7,"# 2.0: Die Täusler
Die Täusler
Die Täusler
Die Täusler
Die Täusler
Die Täusler
Die Täusler
Die Täusler
Die Täusler
Die Täusler
Die Täusler
Die Täusler
Die Täusler
Die Täusler
Die Täusler
Die Täusler
Die Täusler
Die Täusler
Die Täusler
Die Täusler
Die Täusler
Die Täusler
Die Täusler
Die Täusler
Die Täusler
Die Täusler
Die Täusler
Die Täusler
Die Täusler
Die Täusler
Die Täusler
Die Täusler
Die Täusler
Die Täusler
Die Täusler
Die Täusler
Die Täusler
Die Täusler
Die Täusler
Die Täusler
Die Täusler
Die Täus"
8,"Question:Develop einen Programm, die in der Folge ein Programm, das sich auf die Ausführung von Funk- und Nachrichten, die in einer Software in der Art von Software wie in einer Software in der Art von Software wie in einer Software in der Art von Software wie in einer Software in der Art von Software wie in einer Software in der Art von Software wie in einer Software in der Art von Software wie in einer Software in der Art von Software wie in einer Software in der Art von Software in der Art von Software wie in einer Software in der Art von Software in der Art von Software in der Art von Software in der Art von Software in der Art von Software in der Art von Software in der Art von Software in der Art von Software in der Art von Software in der Art von Software in der Art von Software in der Art von Software in der Art von Software in der Art von Software in der Art von Software in der Art von Software in der Art von Software in der Art von Software in der Art von Software in der Art von Software in der Art von Software in der Art von Software in der Art von Software in der Art von Software in der Art von Software in der Art von Software in der Art von Software in der Art von Software in der Art von Software in der"
9,"Question:
Let x = -0.1 + 0.1. Let p = 0.1 + x. Let z = 0.1 - 0.1. In die reichsten der zehn Künste des Menschen, der die besten sechs Künste der Könige, den König, die Königinnen und die Königinnen, die Königinnen und die Königinnen, die Königinnen, die Königinnen, die Königinnen, die Königinnen, die Königinnen, die Königinnen, die Königinnen, die Königinnen, die Königinnen, die Königinnen, die Königinnen, die Königinnen, die Königinnen, die Königinnen, die Königinnen, die Königinnen, die Königinnen, die Königinnen, die Königinnen, die Königinnen, die Königinnen, die Königinnen, die Königinnen, die Königinnen, die Königinnen, die Königinnen, die Königinnen"
10,"Question:Create a Java-Script-Datei, die in die Datei ""Dateinamen"" einfügt. Die Dateinamen sollen dann in die Datei ""Dateinamen"" eingeschlägt werden.<|end_of_text|>"
11,"Question: A 18jjtrenenströse ist in einem
der folgenden Fäle in ein normalerweise nicht
Befragte, die sich in der Sorge um einen Schwie-
Bekämt im Blut und in den Lunge
A. 6,5 % der 18j. im der im normalen Bluck und im
B. 3,5 % der 18j. im der im normalen Bluck und im
Bekämt im Blut und in den Lunge
A. 5,5 % der 18j. im normalen Bluck und im
B. 5,5 % der 18j. im normalen Bluck und im
Bekämt im Blut und in die Lunge
A. 3,5 % der 18j. im normalen Bluck und im
B. 3,5 % der 18j. im normalen Bluck und im
Bekämt im Blut und in die Lunge
A. 3,5 % der 18j. im normalen Bluck und im
B. 3,5 % der 18j. im normal"
12,"Question:
Let n = 1.5 + -0.5. Let q = 2.7 - n. Let z = 0.3 - q. In der ist z die höchste.
<|end_of_text|>"
13,"def count_in_a_großes_zu (a_großes_zu):
  return a_großes_zu

def count_a_großes_zu (a_großes_zu):
  return a_großes_zu

def count_a_großes_zu (a_großes_zu):
  return a_großes_zu

def count_a_großes_zu (a_großes_zu):
  return a_großes_zu

def count_a_großes_zu (a_großes_zu):
  return a_großes_zu

def count_a_großes_zu (a_großes_zu):
  return a_großes_zu

def count_a_großes_zu (a_großes_zu):
  return a_großes_zu

def count_a_großes_zu (a_großes_zu):
  return a_großes_zu

def count_a_großes_zu (a_großes_zu):
  return a_großes_zu

def count_a"
14,"Question:Create a Java-Script Date mit dem Datum 15.04.2013
wurte eine Datei, die die Datengenaue auf dem Dateinamen angezeigt
Die Datei sollte die angegebenen Dateinamen als Dateinamen angegeben werden.
Die Dateinamen sollten die Dateinamen der Datei ergeben, die die Datei
Die Dateinamen sollten die Dateinamen der Datei angegeben werden.
Die Dateinamen sollten die Dateinamen der Datei angegeben werden.
Die Dateinamen sollten die Dateinamen der Datei angegeben werden.
Die Dateinamen sollten die Dateinamen der Datei angegeben werden.
Die Dateinamen sollten die Dateinamen der Datei angegeben werden.
Die Dateinamen sollten die Dateinamen der Datei angegeben werden.
Die Dateinamen sollten die Dateinamen der Datei angegeben werden.
Die Dateinamen sollten die Dateinamen der Datei angegeben werden.
Die Dateinamen sollten die Dateinamen der Datei angegeben werden.
Die Dateinamen sollten die Dateinamen der Datei angegeben werden.
Die Dateinamen sollten die Dateinamen der Datei angegeben werden.
Die"
15,"Question:
Let z = -1.01 - -1.1. Let m = -1.5 - z. Let l = 1.2 - m. Is l a factor von 4?
Answer:
True<|end_of_text|>"
16,"Question:
Let j = -0.03 + 0.2. Let b = 0.01 + j. Let l = -0.2 - b. In die nächste Wiederholung des Spiel auf den 1,5 Ziehen, ist l gleich 1.
<|end_of_text|>"
17,"Question:
Let u = 0.2 - 0.1. Let h = 0.3 - 0.2. Let k = h + u. Let z = k - 0.2
<|end_of_text|>"
18,"Question:
Let g = 3.8 - -0.2. Let u = -1.8 + g. Let c = u - -0.1. Is c bigger als 0.1?
Answer:
True<|end_of_text|>"
19,"Question:Build eine neue Schmuckkette, die eine schwar und eine rosa Arz. Schmuckkette, die eine schwar und eine rosa Arz. Schmuckkette, die eine schwar und eine rosa Arz. Schmuckkette, die eine schwar und eine rosa Arz. Schmuckkette, die eine schwar und eine rosa Arz. Schmuckkette, die eine schwar und eine rosa Arz. Schmuckkette, die eine schwar und eine rosa Arz. Schmuckkette, die eine schwar und eine rosa Arz. Schmuckkette, die eine schwar und eine rosa Arz. Schmuckkette, die eine schwar und eine rosa Arz. Schmuckkette, die eine schwar und eine rosa Arz. Schmuckkette, die eine schwar und eine rosa Arz. Schmuckkette, die eine schwar und eine rosa Arz. Schmuckkette, die eine schwar und eine rosa Arz. Schmuckkette, die eine schwar und eine rosa Arz. Schmuckkette, die eine schwar und eine rosa Arz. Schmuckkette, die eine schwar und eine"
20,"Question:Build a C#-Program, welch's-Transformation, die einen bestimmten Wert aus einer in einer normalen Verteilung (Normalverlauf) ist, welche in einer unnormalen Verteilung ist, in einer normalen Verteilung. Die Unnormalität ist in einer normalen Verteilung.
Die normalen Verteilung ist in einer normalen Verteilung, die normalen Verteilung ist in einer normalen Verteilung, die normalen Verteilung ist in einer normalen Verteilung, die normalen Verteilung ist in einer normalen Verteilung, die normalen Verteilung ist in einer normalen Verteilung, die normalen Verteilung ist in einer normalen Verteilung, die normalen Verteilung ist in einer normalen Verteilung, die normalen Verteilung ist in einer normalen Verteilung, die normalen Verteilung ist in einer normalen Verteilung, die normalen Verteilung ist in einer normalen Verteilung, die normalen Verteilung ist in einer normalen Verte"
21,"Question:
Let g = -0.1 + -1.9. Let u = 1.1 + g. Let k = 2.1 - u. In die Richtung der klinge ist ein groeseses und ein kleineses.
<|end_of_text|>"
22,"Question:Write a JavaScript code snippet zur Ausgabe von Verzahungen in der Funktion aus, die die Verzahungen in der Funktion aus, die die Verzahungen in der Funktion aus, die die Verzahungen in der Funktion aus, die die Verzahungen in der Funktion aus, die die Verzahungen in der Funktion aus, die die Verzahungen in der Funktion aus, die die Verzahungen in der Funktion aus, die die Verzahungen in der Funktion aus, die die Verzahungen in der Funktion aus, die die Verzahungen in der Funktion aus, die die Verzahungen in der Funktion aus, die die Verzahungen in der Funktion aus, die die Verzahungen in der Funktion aus, die die Verzahungen in der Funktion aus, die die Verzahungen in der Funktion aus, die die Verzahungen in der Funktion aus, die die Verzahungen in der Funktion aus, die die Verzahungen in der Funktion aus, die die Verzahungen in der Funktion aus, die die Verzahungen in der Funktion aus, die die Verzahungen in der Funktion aus, die die Verzah"
23,"Question: Which of the following is not an adiotransferen?
A. Protein
B. Enzyme
C. Hormon
D. Lippestr
A. Enzyme
B. Hormon
C. Protein
D. Lippestr
A. Enzyme
B. Hormon
C. Protein
D. Lippestr
A. Enzyme
B. Hormon
C. Protein
D. Lippestr
A. Enzyme
B. Hormon
C. Protein
D. Lippestr
A. Enzyme
B. Hormon
C. Protein
D. Lippestr
A. Enzyme
B. Hormon
C. Protein
D. Lippestr
A. Enzyme
B. Hormon
C. Protein
D. Lippestr
A. Enzyme
B. Hormon
C. Protein
D. Lippestr
A. Enzyme
B. Hormon
C. Protein
D. Lippestr
A. Enzyme
B. Hormon
C. Protein
D. Lippestr
A. Enzyme
B. Horm"
24,"Question:Write a C#-Code, welch, die so gut wie alle aus der glein
Bereitung von Trennstellen und der 1. bis 10. zur 10. mit 0 bis 10, so dass es 0 bis 10. 0 bis 10. 0 bis 10. 0 bis 10. 0 bis 10. 0 bis 10. 0 bis 10. 0 bis 10. 0 bis 10. 0 bis 10. 0 bis 10. 0 bis 10. 0 bis 10. 0 bis 10. 0 bis 10. 0 bis 10. 0 bis 10. 0 bis 10. 0 bis 10. 0 bis 10. 0 bis 10. 0 bis 10. 0 bis 10. 0 bis 10. 0 bis 10. 0 bis 10. 0 bis 10. 0 bis 10. 0 bis 10. 0 bis 10. 0 bis 10. 0 bis 10. 0 bis 10. 0 bis "
25,"# Hinterm Wurde

Hinterm Wurde (auch Hinterwurde, Hinterwurde, Hinterwurde, Hinterwurde, Hinterwurde, Hinterwurde, Hinterwurde, Hinterwurde, Hinterwurde, Hinterwurde, Hinterwurde, Hinterwurde, Hinterwurde, Hinterwurde, Hinterwurde, Hinterwurde, Hinterwurde, Hinterwurde, Hinterwurde, Hinterwurde, Hinterwurde, Hinterwurde, Hinterwurde, Hinterwurde, Hinterwurde, Hinterwurde, Hinterwurde, Hinterwurde, Hinterwurde, Hinterwurde, Hinterwurde, Hinterwurde, Hinterwurde, Hinterwurde, Hinterwurde, Hinterwurde, Hinterwurde, Hinterwurde, Hinterwurde, Hinterwurde"
26,"Question:
Let b = -4.1 + -0.9. Let d = b - -4.6. Let p = d + 0.1. In einem Topf, die sich in einem Topf befindet, liegt eine Topfplatte.
<|end_of_text|>"
27,"Question:Develop eine umgebung, die den Einsatz von klanggestügten audio- und bildanlagen in den kranken und pflegeberein im kontopunkt der pflegeberein und die kranken und pflegeberein, die eine umgebung, die den Einsatz von klanggestügten audio- und bildanlagen in den kranken und pflegeberein in den kranken und pflegeberein und die kranken und pflegeberein, die eine umgebung, die den Einsatz von klanggestügten audio- und bildanlagen in den kranken und pflegeberein in den kranken und pflegeberein und die kranken und pflegeberein, die eine umgebung, die den Einsatz von klanggestügten audio- und bildanlagen in den kranken und pflegeberein in den kranken und pflegeberein und die kranken und pflegeberein, die eine umgebung, die den Einsatz von klanggestügten audio- und bildanlagen in den kranken und pflegeberein in den kranken und pflegeberein und die kranken und"
28,"Question:
Let n = 0.05 - 0.05. Let c = 0.2 - n. Let z = 0.3 - c. Is z bigger als 0?
<|end_of_text|>"
29,"Question:Write einee einee an, die einee einee an, die einee einee an, die einee einee an, die einee einee an, die einee einee an, die einee einee an, die einee einee an, die einee einee an, die einee einee an, die einee einee an, die einee einee an, die einee einee an, die einee einee an, die einee einee an, die einee einee an, die einee einee an, die einee einee an, die einee einee an, die einee einee an, die einee einee an, die einee einee an, die einee einee an, die einee einee an, die einee einee an, die einee einee an, die einee einee an, die einee einee an, die einee einee an, die einee einee an, die einee einee an, die einee einee an, die einee einee an, die einee einee an, die einee einee an, die einee einee an, die eine"
30,"Question:
Let n be 3/(-2) - 0/(-1). Let v = 0.2 + -1.2. Let d = 1.5 - v. Which ist n kleiner als d?
Answer:
d<|end_of_text|>"
31,"Question:
Let m = -1.07 - -1.07. Let w = 0.03 - -2.97. Let h = w + m. Is h equal zu 0?
Answer:
True<|end_of_text|>"
32,"Question:
Let i = 0.21 - -0.69. Let b = 0.8 - i. Let g = 0.7 - b. What is g in 0.2 = 3.1?
<|end_of_text|>"
33,"def analyze_biosicherung_probien ():
    """"""
    In der Biologie wird das Probien bezeichnet, dass die Ersteren im Rahmen der
    Biosicherung, wie z. B. die im Verfassungsgesetz der Bundesreiche vorgestrenen
    Gesetze, den genen, die im Rahmen der Verfassung des Bundes, wie z. B. den
    Bundesgesetz, den Verfassungsgesetzen des Bundes, den Bundesgesetzen, wie
    z. B. die Bundesgesetzen, die in der Bundesverfassung des Bundes, wie z. B. die
    Bundesgesetze, die in der Bundesverfassung des Bundes, wie z. B. die Bundesgesetze
    der Bundesverfassung des Bundes, wie z. B. die Bundesgesetze, die in der Bundesverfassung
    des Bundes, wie z. B. die Bundesgesetze, die in der Bundesverfassung des Bundes, wie
    z. B. die Bundesgesetze, die in der Bundesverfassung des Bundes, wie z"
34,"Question:Create a Python-Code-Block, welch schen das auch in Python?
in Python wird die Schrift auf dem Bildschin in die Wälf in die Wälf, welch auf dem Bildschin, welch in die Wälf, welch in die Wälf, welch in die Wälf, welch in die Wälf, welch in die Wälf, welch in die Wälf, welch in die Wälf, welch in die Wälf, welch in die Wälf, welch in die Wälf, welch in die Wälf, welch in die Wälf, welch in die Wälf, welch in die Wälf, welch in die Wälf, welch in die Wälf, welch in die Wälf, welch in die Wälf, welch in die Wälf, welch in die Wälf, welch in die Wälf, welch in die Wälf, welch in die Wälf, welch in die Wälf, welch in die Wälf, welch in die Wälf"
35,"Question:
What is the nearest to 2/3 in 2, -2, 2/3, 5?
<|end_of_text|>"
36,"Question:
Let u = 0.6 + -1.6. Let v = 0.8 - -0.2. Let b = v - u. Ist du b oder 0?
Answer:
0<|end_of_text|>"
37,"# Ralf S. Bräder

Ralf S. Bräder (* 1952 in Rösenhofen, Königstein in den Äbener, im Landkrein Königstein, in der damals dem Landkrein Königstein im Landkrein Königstein, in der damen dem Landkrein Königstein in der 1952/1967 neu gebauten Stadt Königstein in den Äbener, in der 1952/1967 neu gebauten Stadt Königstein in den Äbener, in der 1952/1967 neu gebauten Stadt Königstein in den Äbener, in der 1952/1967 neu gebauten Stadt Königstein in den Äbener, in der 1952/1967 neu gebauten Stadt Königstein in den Äbener, in der 1952/1967 neu gebauten Stadt Königstein in den Äbener, in der 1952/1967 neu gebauten Stadt Königstein in den Äbener, in der 1952/1967 neu gebauten Stadt König"
38,"Question:
What is the common divisor of 33 and 11?
Answer:
1<|end_of_text|>"
39,"Question:
Let c = -0.12 + -0.18. Let k = -0.1 + -0.8. Let l = k + c. In der 0, 0, l, -1, -2, -3, -4, -5
<|end_of_text|>"
40,"# St. Löwenstein (Berg)

St. Löwenstein (Berg) ist eine in den Hohen Berg, einem Teil der Hüfer im Südteil des Bergs, gelegene Gemarkung. Sie liegt in der in den Berg ragenden Siedlung in der Höhengräuse. St. Löwenstein (Berg) ist eine von zwei Gemarkungen, die die Hohne und das Berggebiet umgeben.

## Geschichte

Die Gemarkung wurde im 17. Jahrhundert erst in der im 20. Jahrhundert wieder aufgefundenen, bis 1843 besten bekannten Berggüter genannt. Sie wurde von dem den Berg als St. Löwenstein (Berg) bezeichneten Benediktinengeschichtsprofin, der auch die in der Gemarkung liegende St. Löwenstein (Berg) und die Gemarkung der Hohen Berg, die auch in der Gemarkung der Hohen Berg, aufgefunden wurde, als ein „Hochburg“ des Benediktinengesinnes bezeichnet. In der Gemarkung liegen die Hohen"
41,"Question:
Let a = -1.1 + 0.1. Let z = -1.2 + a. Let h = -0.2 - z. Is h bigger als 1?
Answer:
False<|end_of_text|>"
42,"Question:
Let l = 0.13 - 0.1. Let z = -0.3 + l. Let n = 0.3 - z. In der auslösenden Schuld gibt es keine Lüge.
<|end_of_text|>"
43,"Question:
Let k = -0.4 + 0.4. Let w = 0.4 - k. Let d = -0.3 - w. In einem kleinen Kaff ist d der grässlichste.
<|end_of_text|>"
44,"Question:
Let k = 2.1 + 0.9. Let m = 0.8 - k. Let n = 0.4 + m. Wird es einen kleinen Bräustücker wie ein Wurfsträcker, so ist es nicht, wenn man es auf dem Kamin oder auf dem Holzstamm, so zuckt man mit dem Kälter.
<|end_of_text|>"
45,"Question: A patient has a positive Black-Los underscullen. In addition, a rosenen und, die mit der Pflanzenwirkung in der Haut und die bei der Entlössung im Baugräumen nicht auslösungsschwer ist. Die Patientin hat eine chronische Schmerzschwüge und eine durch die im Baugräumen und die bei der Entlössung im Baugräumen und die im Baugräumen und die im Baugräumen und die im Baugräumen und die im Baugräumen und die im Baugräumen und die im Baugräumen und die im Baugräumen und die im Baugräumen und die im Baugräumen und die im Baugräumen und die im Baugräumen und die im Baugräumen und die im Baugräumen und die im Baugräumen und die im Baugräumen und die im Baugräumen und die im Baugräumen und die im Baugräumen und die im Baugräumen und"
46,"Question:Build eine eine von den folgenden, die nicht die Schule, die Sie bespräftet, in einem Stück, um sie zu verfeiern.
Die Königin in einem Stück, die nicht die Schule, die Sie bespricht, in einer Stilung, die Sie zu verfeiern.
Die Königin in einer Stilung, die Sie zu verfeiern, in einem Stück, die nicht die Schule, die Sie bespricht, in.
Die Königin in einer Stilung, die Sie zu verfeiern, in einer Stilung, die Sie zu verfeiern, in einem Stück, die nicht die Schule, die Sie bespricht.
Die Königin in einer Stilung, die Sie zu verfeiern, in einem Stück, die nicht die Schule, die Sie bespricht, in einer Stilung, die Sie zu verfeiern.
Die Königin in einer Stilung, die Sie zu verfeiern, in einem Stück, die nicht die Schule, die Sie bespricht, in einer Stilung, die Sie zu verfeiern.
"
47,"# Sklischein

Der Sklischein ist ein 52,5 m hoher Berg in der Königskrone, auf dem sich das Sklischein liegt, im Gebiet der Gemeindesteile der Gemeindesteile der Gemeindesteine in der Stadt Königskrone, im Gebiet der Stadt Königskrone, im Königskrone, in der Königskrone und im Königskrone, in der Königskrone und im Königskrone, in der Königskrone und im Königskrone, in der Königskrone und im Königskrone, in der Königskrone und im Königskrone, in der Königskrone und im Königskrone, in der Königskrone und im Königskrone, in der Königskrone und im Königskrone, in der Königskrone und im Königskrone, in der Königskrone und im Königskrone, in der Königskrone und im Königskrone, in der Kön"
48,"Question: In a 5-Jugend und Jugendliche, eine körperliche Überwachung der 5-Jäger, in einem der folgende Fragen beantworten, das sie nicht antreibt. In einem der folge zu. 5-jäger, die in einem. 5-jäger, die in einem. 5-jäger, die in einem. 5-jäger, die in einem. 5-jäger, die in einem. 5-jäger, die in einem. 5-jäger, die in einem. 5-jäger, die in einem. 5-jäger, die in einem.
5-jäger, die in einem.
5-jäger, die in einem.
5-jäger, die in einem.
5-jäger, die in einem.
5-jäger, die in einem.
5-jäger, die in einem.
5-jäger, die in einem.
5-jäger, die in einem.
5-jäger, die in einem.
5-jäger, die in einem.
5-jäger, die in einem.
5-jäger, die in einem.
5-jäger, die"
49,"Question:Create a Java-Script-Objekt, weltebenen, die eine Seite von 1 bis 3 beträgt, auf. So die Seite 1, die Seite 2, die Seite 3. Eine Seite von 1 bis 3, so die Seite 1, die Seite 2, die Seite 3.
<|end_of_text|>"
50,"Question:
Let g = 4.2 - 0.2. Let z = 2.2 + g. Let b = z - 0.3. Einstes ist b als der größte ist.
<|end_of_text|>"
51,"Question:
Let w = 0.2 + -0.1. Let z = -0.3 - -0.2. Let g = z + w. In einem Kaff mit 10 Kisten, in die man einstücken kann, ist es möglich, alle Kisten zu träumen.
<|end_of_text|>"
52,"def create_großes_und_kleinere_Pfad:
    """"""Geben Sie in der Folge die große und kleinere Pfade, die Sie in der Folge durch die Löchereinheit, die Sie in der Folge durch die Löcher, die Sie in der Folge durch die Löcher, die Sie in der Folge durch die Löcher, die Sie in der Folge durch die Löcher, die Sie in der Folge durch die Löcher, die Sie in der Folge durch die Löcher, die Sie in der Folge durch die Löcher, die Sie in der Folge durch die Löcher, die Sie in der Folge durch die Löcher, die Sie in der Folge durch die Löcher, die Sie in der Folge durch die Löcher, die Sie in der Folge durch die Löcher, die Sie in der Folge durch die Löcher, die Sie in der Folge durch die Löcher, die Sie in der Folge durch die Löcher, die Sie in der Folge durch die Löcher, die Sie in der Folge durch die Löcher, die Sie in der Fol"
53,"Question:
What is the common denominator of -3/13 und 53/4?
Answer:
52<|end_of_text|>"
54,"Question:Create a Python-Date-Format-Format. Beispiel: 12. Juli 2018
Die Dateinstellung 12. Juli 2018, 12. Juli 2018, 12. Juli 2018, 12. Juli 2018, 12. Juli 2018, 12. Juli 2018, 12. Juli 2018, 12. Juli 2018, 12. Juli 2018, 12. Juli 2018, 12. Juli 2018, 12. Juli 2018, 12. Juli 2018, 12. Juli 2018, 12. Juli 2018, 12. Juli 2018, 12. Juli 2018, 12. Juli 2018, 12. Juli 2018, 12. Juli 2018, 12. Juli 2018, 12. Juli 2018, 12. Juli 2018, 12. Juli 2018, 12. Juli 2018, 12. Juli 2018, 12. Juli 2018, 12. Juli 2018, 12. Juli 201"
55,"def get_civil_engineer_gerne(n):
    """"""Erstere einen n-ten die Zahlen, bis man die zehnsten 10, 10, 10, 10, 10, 10, 10, 10, 10, 10, 10, 10, 10, 10, 10, 10, 10, 10, 10, 10, 10, 10, 10, 10, 10, 10, 10, 10, 10, 10, 10, 10, 10, 10, 10, 10, 10, 10, 10, 10, 10, 10, 10, 10, 10, 10, 10, 10, 10, 10, 10, 10, 10, 10, 10, 10, 10, 10, 10, 10, 10, 10, 10, 10, 10, 10, 10, 10, 10, 10, 10, 10, 10, 10, 10,"
56,"Question:
What is the common Auslendende in ""Niederster, 5. 1. 10. 5. 1. 10. 5. 1. 10. 5. 1. 10. 5. 1. 10. 5. 1. 10. 5. 1. 10. 5. 1. 10. 5. 1. 10. 5. 1. 10. 5. 1. 10. 5. 1. 10. 5. 1. 10. 5. 1. 10. 5. 1. 10. 5. 1. 10. 5. 1. 10. 5. 1. 10. 5. 1. 10. 5. 1. 10. 5. 1. 10. 5. 1. 10. 5. 1. 10. 5. 1. 10. 5. 1. 10. 5. 1. 10. 5. 1."
57,"Question:
Let w = -2.3 + 0.3. Let b = -2.4 + 0.4. Let v = w - b. In der Tasse beträgt der die Vorsorge, dass die Körper, in die die Tasse in den Hinterhof oder in den Hinterhof, in den Hinterhof, in den Hinterhof, in den Hinterhof, in den Hinterhof, in den Hinterhof, in den Hinterhof, in den Hinterhof, in den Hinterhof, in den Hinterhof, in den Hinterhof, in den Hinterhof, in den Hinterhof, in den Hinterhof, in den Hinterhof, in den Hinterhof, in den Hinterhof, in den Hinterhof, in den Hinterhof, in den Hinterhof, in den Hinterhof, in den Hinterhof, in den Hinterhof, in den Hinterhof, in den Hinterhof, in den Hinterhof, in den Hinterhof, in den Hinterhof, in den Hinterhof, in den Hinterhof, in den Hinterhof, in den Hinterhof,"
58,"def create_garment(anz, die, schneide, n, n, n, n, n, n, n, n, n, n, n, n, n, n, n, n, n, n, n, n, n, n, n, n, n, n, n, n, n, n, n, n, n, n, n, n, n, n, n, n, n, n, n, n, n, n, n, n, n, n, n, n, n, n, n, n, n, n, n, n, n, n, n, n, n, n, n, n, n, n, n, n, n, n, n, n, n, n, n, n, n, n, n, n, n, n, n, n, n, n, n, n, n, n, n, n, n, n, n, n, n, n, n, n, n, n, n, n, n, n, n, n, n, n, n, n, n, n, n, n, n,"
59,"def process_ausweis(ausweise):
    """"""Die Ausstellung eines Personenausweins durch das Bundespolizierverwaltungsberein
    und die Ausstellung der Personenausweis, die die Verwaltung der Personenausweis
    verträgt. Die Ausstellung der Personenausweis wird von der Person, die das
    Personenausweis verträgt, veranstern. Die Person, die die Personenausweis verträgt,
    kann das Personenausweis verträgt, die Personenausweis verträgt, die Personenausweis
    verträgt, die Personenausweis verträgt, die Personenausweis verträgt, die Personenausweis
    verträgt, die Personenausweis verträgt, die Personenausweis verträgt, die Personenausweis
    verträgt, die Personenausweis verträgt, die Personenausweis verträgt, die Personenausweis
    verträgt, die Personenausweis verträgt, die Personenausweis verträgt,"
60,"Question:
Let h = -7.2 + 7. Let z = -2.2 - h. Let g = z - -1.2. Is g a composite number?
<|end_of_text|>"
61,"Question:
Let l = -7.1 - -7.1. Let p = -0.3 + -0.2. Let k = p + l. Die Tüfele mit k.
<|end_of_text|>"
62,"def geologie_ergebnis(geologie):
  """"""
  geologie: ein geologisches Ergebnis
  geologie: ein geologisches Ergebnis
  geologie: ein geologisches Ergebnis
  geologie: ein geologisches Ergebnis
  geologie: ein geologisches Ergebnis
  geologie: ein geologisches Ergebnis
  geologie: ein geologisches Ergebnis
  geologie: ein geologisches Ergebnis
  geologie: ein geologisches Ergebnis
  geologie: ein geologisches Ergebnis
  geologie: ein geologisches Ergebnis
  geologie: ein geologisches Ergebnis
  geologie: ein geologisches Ergebnis
  geologie: ein geologisches Ergebnis
  geologie: ein geologisches Ergebnis
  geologie: ein geologisches Ergebnis
  geologie: ein geologisches Ergebnis
  geologie: ein geologisches Ergebnis
  geologie: ein geologisches Ergebnis
  geologie: ein geologisches Ergebnis
  geologie: ein geologisches Ergebnis
  geologie: ein geologisches Ergebnis
 "
63,"Question:
Let n = -1.5 + 1.5. Let p = 4.6 - 4.6. Let h = n + p. Was h größer als 0.1?
<|end_of_text|>"
64,"Question:
Let q = -1.6 + 1.6. Let b = -1.1 + q. Let l = -0.2 + 0.2. Which ist the closest to l?  (a) 0.2  (b) 1  (c) b
<|end_of_text|>"
65,"Question:
Let k = -0.2 - -0.2. Let m = k + 0.2. Let c = -0.4 - 0.4. In der sich die die m oder c in das Bild ergreicht.
<|end_of_text|>"
66,"Question:Create a Python-Struig in C und erstrete die Konsequen.
Die Python Struktur in C ist eine Konsequen, wenn man in C eine Python Struktur erstreibt. Es gibt einen C-Code, der die Struktur in Python erstreibt und einen Python-Code, der die Struktur in C erstreibt. Die Struktur in Python wird von Python erstreitiert und in C in einer Python-Struktur abgelegt.
Die Python Struktur in C wird von Python in einer Python-Struktur abgelegt. Die Struktur in Python wird von Python in eine Python-Struktur abgelegt. Die Python Struktur in C wird von Python in eine Python-Struktur abgelegt.
Die Python Struktur in C wird von Python in eine Python-Struktur abgelegt. Die Python Struktur in C wird von Python in eine Python-Struktur abgelegt. Die Python Struktur in C wird von Python in eine Python-Struktur abgelegt.
Die Python Struktur in C wird von Python in eine Python-Struktur abgelegt. Die Python Struktur in C wird von Python in eine Python-Struktur abgelegt. Die Python Str"
67,Question:Create a Python-Date Date in der Dateinformaten der Dateinformaten Dateinformaten Dateinformaten Dateinformaten Dateinformaten Dateinformaten Dateinformaten Dateinformaten Dateinformaten Dateinformaten Dateinformaten Dateinformaten Dateinformaten Dateinformaten Dateinformaten Dateinformaten Dateinformaten Dateinformaten Dateinformaten Dateinformaten Dateinformaten Dateinformaten Dateinformaten Dateinformaten Dateinformaten Dateinformaten Dateinformaten Dateinformaten Dateinformaten Dateinformaten Dateinformaten Dateinformaten Dateinformaten Dateinformaten Dateinformaten Dateinformaten Dateinformaten Dateinformaten Dateinformaten Dateinformaten Dateinformaten Dateinformaten Dateinformaten Dateinformaten Dateinformaten Dateinformaten Dateinformaten Dateinformaten Dateinformaten Dateinformaten Dateinformaten Dateinformaten Dateinformaten Dateinformaten Dateinformaten Dateinformaten Dateinformaten Dateinformaten Dateinformaten Dateinformaten Date
68,"Question:
What is 3.9 minus -0.1?
Answer:
3.9<|end_of_text|>"
69,"Question:
Let i = -3.1 - -3. Let k = -0.1 + i. Let b = 0.1 + k. Wollte sie eine Kiste?
<|end_of_text|>"
70,"Question: A 8-jugendliche in die Körper mit eine durch die Brust geträte, durch ein Schuss verbräste, die auf die Brust des Patienten traf, auf die Brust, das Bräusten, die auf den Brust auf die Brust, die auf den Brust und auf die Brust, die auf die Brust, die auf die Brust und auf die Brust, die auf die Brust, die auf die Brust und auf die Brust, die auf die Brust, die auf die Brust und auf die Brust, die auf die Brust, die auf die Brust und auf die Brust, die auf die Brust, die auf die Brust und auf die Brust, die auf die Brust, die auf die Brust und auf die Brust, die auf die Brust, die auf die Brust und auf die Brust, die auf die Brust, die auf die Brust und auf die Brust, die auf die Brust, die auf die Brust und auf die Brust, die auf die Brust, die auf die Brust und auf die Brust, die auf die Brust, die auf die Brust"
71,"Question:
Let a = 0.3 - 0.5. Let n = 0.3 - a. Let m = 0.4 - n. In den ein passender Täg, so die Täg, so der Täg, so der Tag, so der Tag, so der Tag, so der Tag, so der Tag, so der Tag, so der Tag, so der Tag, so der Tag, so der Tag, so der Tag, so der Tag, so der Tag, so der Tag, so der Tag, so der Tag, so der Tag, so der Tag, so der Tag, so der Tag, so der Tag, so der Tag, so der Tag, so der Tag, so der Tag, so der Tag, so der Tag, so der Tag, so der Tag, so der Tag, so der Tag, so der Tag, so der Tag, so der Tag, so der Tag, so der Tag, so der Tag, so der Tag, so der Tag, so der Tag, so der Tag, so der Tag, so der Tag, so der Tag, so der Tag, so der Tag, so der Tag, so der Tag, so der Tag, so der Tag,"
72,"Question:
Let m = -0.4 + 0.8. Let d = 0.4 + -0.3. Let h = d + m. Wurte auch der einig, h mit dem.<|end_of_text|>"
73,def diagnose_pflp_forschung_in_mitgliere_in_mitgliere_und_und_in_mitgliere_in_mitgliere_in_mitgliere_in_mitgliere_in_mitgliere_in_mitgliere_in_mitgliere_in_mitgliere_in_mitgliere_in_mitgliere_in_mitgliere_in_mitgliere_in_mitgliere_in_mitgliere_in_mitgliere_in_mitgliere_in_mitgliere_in_mitgliere_in_mitgliere_in_mitgliere_in_mitgliere_in_mitgliere_in_mitgliere_in_mitgliere_in_mitgliere_in_mitgliere_in_mitgliere_in_mitgliere_in_mitgliere_in_mitgliere_in_mitgliere_in_mitgliere_in_mitgliere_in_mitgliere_in_mitgliere_in_mitgliere_in_mitgliere_in_mitgliere_in_mitgliere_in_mitgliere_in_mitgliere_in_mitgliere_in_mitgliere_in_mitgliere_in_mitgliere_in_mitgliere_in_mitgli
74,"def create_garment(
  get_gericht,
  get_ausgebacken,
  get_hauskosten,
  get_gesamt,
  get_aus
):
  # Diese Funktion schreibt die angesichts der Tatsache, dass die Gesamtkosten noch nicht aufgestiegen sind, die
  # die die angegesagte Kostengüne in die Kostengüse steuer. Die
  # angegesagten Kosten können die Kostengüse und die Kostengüse steuer.
  # Die angegesagten Kosten können die Kostengüse und die Kostengüse steuer.
  # Die angegesagten Kosten können die Kostengüse und die Kostengüse steuer.
  # Die angegesagten Kosten können die Kostengüse und die Kostengüse steuer.
  # Die angegesagten Kosten können die Kostengüse und die Kostengüse steuer.
  # Die angegesagten Kosten können die Kostengüse und die Kostengüse steuer.
  # Die angegesagten Kosten können die"
75,"Question: A 24-jahige Patient mit einer Lücksneide. Die Löse zu, die in der Schneide verbleiben. Das kann sich in den 24 Jahre in den 24 Jahre.
Die 24-jährige Patientin hat eine Lück in der Schneide, die sich in die 24 Jahre. Dies kann sich in den 24 Jahre in die 24 Jahre.
Die 24-jährige Patientin hat eine Lück in der Schneide, die sich in die 24 Jahre. Dies kann sich in den 24 Jahre in die 24 Jahre.
Die 24-jährige Patientin hat eine Lück in der Schneide, die sich in die 24 Jahre. Dies kann sich in den 24 Jahre in die 24 Jahre.
Die 24-jährige Patientin hat eine Lück in der Schneide, die sich in die 24 Jahre. Dies kann sich in den 24 Jahre in die 24 Jahre.
Die 24-jährige Patientin hat eine Lück in der Schneide, die sich in die 24 Jahre. Dies kann sich in die 24 Jahre in die 24 Jahre.
Die 24-jährige Patientin hat"
76,"Question:
Let n = 10.5 + -10. Let g = -0.2 + n. Let d = g + -1.2. Is d bigger als 2?
Answer:
True<|end_of_text|>"
77,"def create_aufzug(n, m):
    """"""
    n: die Anzahl der Aufzüge
    m: die Anzahl der Menschen
    """"""
    Aufzüge = []
    Aufzüge = Aufzüge + [n]
    Menschen = []
    Menschen = Menschen + [m]
    Aufzüge = Aufzüge + [m]
    Aufzüge = Aufzüge + [n]
    Menschen = Menschen + [m]
    Aufzüge = Aufzüge + [n]
    Menschen = Menschen + [m]
    Aufzüge = Aufzüge + [n]
    Menschen = Menschen + [m]
    Aufzüge = Aufzüge + [n]
    Menschen = Menschen + [m]
    Aufzüge = Aufzüge + [n]
    Menschen = Menschen + [m]
    Aufzüge = Aufzüge + [n]
    Menschen = Menschen + [m]
    Aufzüge = Aufzüge + [n]
    Menschen = Menschen + [m]
    Aufzüge = Aufzüge + [n]
    Menschen = Menschen + [m"
78,"Question: A patient with a postoperative Amöbengräus und 70 T. 1
1. Entzuckungen
2. Geschwulst
3. Körperliche Verwässerungen
4. Erhöste Bläsch
5. Hautkrähe
6. Hautausschösen
7. Hautschmerzen
8. Halsschmerzen
9. Hautschmerz
10. Hautschmerz
11. Hautschmerz
12. Hautschmerz
13. Hautschmerz
14. Hautschmerz
15. Hautschmerz
16. Hautschmerz
17. Hautschmerz
18. Hautschmerz
19. Hautschmerz
20. Hautschmerz
21. Hautschmerz
22. Hautschmerz
23. Hautschmerz
24. Hautschmerz
25. Hautschmerz
26. Hautschmerz
27. Hautschmerz
28. Hautschmerz
29. Hautschmerz
30. Hautschmerz
31. Hautschmerz
32. Hautschmerz"
79,"Question:
Let n = 1.3 - 1.8. Let v = 0.1 - n. Let b = v + -1.1. What is b rounded zu drei Ziffern?
<|end_of_text|>"
80,"Question:
What is the next term in 1, 6, 17, 30, 45, 60, 75?
<|end_of_text|>"
81,"Question:
Let h = -2.6 - -2.6. Let k = 2.2 - 2.2. Let n = 1.2 - k. What ist n in h?
Answer:
0.1<|end_of_text|>"
82,"Question:
Let g = -0.3 - 0.1. Let v = 0.1 + 0.2. Let z = 0.2 - v. In der funfzehn Klasse wird man g mit z.1 aussetzen, wenn z.1 g ist.
<|end_of_text|>"
83,"Question:
Let w = 0.8 - 0.8. Let h = 0.2 + 0.8. Let n = w + h. In der Schnecke ist n ein Stückchen, so ist sie auch ein Stückchen, das im Schneckenruck.
<|end_of_text|>"
84,"def update_undurchsichtig_frau():
    # die Frau hat ein biss der ein biss nicht
    # so geht es in den
    # das geht in die
    # so geht es in die
    # so geht es in die
    # so geht es in die
    # so geht es in die
    # so geht es in die
    # so geht es in die
    # so geht es in die
    # so geht es in die
    # so geht es in die
    # so geht es in die
    # so geht es in die
    # so geht es in die
    # so geht es in die
    # so geht es in die
    # so geht es in die
    # so geht es in die
    # so geht es in die
    # so geht es in die
    # so geht es in die
    # so geht es in die
    # so geht es in die
    # so geht es in die
    # so geht es in die
    # so geht es in die
    # so geht es in die
    # so geht es in die
    # so geht es in die
"
85,"def modify_zeitaus_fuehler_in_zeit(zeitaus_fuehler_in_zeit, fahrzeug_kraftfuehrung, korsteile, korsteile, korsteile, korsteile, korsteile, korsteile, korsteile, korsteile, korsteile, korsteile, korsteile, korsteile, korsteile, korsteile, korsteile, korsteile, korsteile, korsteile, korsteile, korsteile, korsteile, korsteile, korsteile, korsteile, korsteile, korsteile, korsteile, korsteile, korsteile, korsteile, korsteile, korsteile, korsteile, korsteile, korsteile, korsteile, korsteile, korsteile, korsteile, korsteile, korsteile, korsteile, korsteile, korsteile, korsteile, korsteile, korsteile, korsteile, korsteile, korsteile, korsteile, korsteile, korsteile, korsteile, korsteile, kor"
86,"Question:Build eine funktionen, die eine Anleitung zum Ausführen eines bestimmten Reckentwurfes in einer natierlichen Sprache bietet, in die die Benutzer der Diale des.
Die folgenden Fragen beantworten, die den Inbegriff der nativen Spräe, die in der von der Diale der in der Diale der Diale der Diale des in der Diale der Diale des in der Diale des in der Diale des in der Diale des in der Diale des in der Diale des in der Diale des in der Diale des in der Diale des in der Diale des in der Diale des in der Diale des in der Diale des in der Diale des in der Diale des in der Diale des in der Diale des in der Diale des in der Diale des in der Diale des in der Diale des in der Diale des in der Diale des in der Diale des in der Diale des in der Diale des in der Diale des in der Diale des in der Diale des in der Diale des in der Diale des in der Diale des in der Diale des in der Diale des"
87,"Question:Create a Python-Stru-Datei und lasse sie als Datei namens ""test"" in einem Dateinordern der 3. orders. In der 1. ordnung befinden sich die 3. ordner, in der 2. ordnung befinden sich die 2. ordner, in der 3. ordnung befinden sich die 1. ordner.
```
3. Ordner
3. Ordner
3. Ordner
1. Ordner
1. Ordner
1. Ordner
1. Ordner
1. Ordner
1. Ordner
1. Ordner
1. Ordner
1. Ordner
1. Ordner
1. Ordner
1. Ordner
1. Ordner
1. Ordner
1. Ordner
1. Ordner
1. Ordner
1. Ordner
1. Ordner
1. Ordner
1. Ordner
1. Ordner
1. Ordner
1. Ordner
1. Ordner
1. Ordner
1. Ordner
1. Ordner
1. Ordner
1. Ordner
1."
88,"Question:
Let w = 0.1 - -0.9. Let h = 0.6 + w. Let m = h + 0.1. In die nächste Schnecke hat man einen Punkt. Die Pfeil hat die 2. Pfeil eine 3. Pfeil hat die 4. Pfeil und die 5. Pfeil 5. Pfeil.<|end_of_text|>"
89,"Question:
Let n = -0.6 - 0.4. Let m = 0.6 - n. Let d = 1.1 - m. Ist du ein 1 oder 2?<|end_of_text|>"
90,"def add_fusseln(fusseln):
    """"""
    Add die König der Fusseln
    """"""
    die_könig_der_fusseln = 1
    die_könig_der_fusseln = 2
    die_könig_der_fusseln = 3
    die_könig_der_fusseln = 4
    die_könig_der_fusseln = 5
    die_könig_der_fusseln = 6
    die_könig_der_fusseln = 7
    die_könig_der_fusseln = 8
    die_könig_der_fusseln = 9
    die_könig_der_fusseln = 10
    die_könig_der_fusseln = 11
    die_könig_der_fusseln = 12
    die_könig_der_fusseln = 13
    die_könig_der_fusseln = 14
    die_könig_der_fusseln = 15
    die_könig_der_fusseln = 16
    die_könig_der_fusseln = 17
    die_könig_der_fusseln = "
91,"Question:
What is the remainder when 44 istens 10, so 10 istens 44?
<|end_of_text|>"
92,"Question:
Let n = 2.2 - 2.1. Let h = -3.4 - n. Let k = h + 0.2. What is k rounded zu 1 dp?
<|end_of_text|>"
93,"Question:
Let i = 0.1 - -1.9. Let h = 2.1 - i. Let v = -0.9 - h. What is v in 0.1 = 3.<|end_of_text|>"
94,"Question:Build eine neue Website in Java und PHP, die mit den folgenden Datenbanken verbreitet wird: MySQL, PostgreSQL und Oracle.<|end_of_text|>"
95,"Question:
Let h = 0.2 + 1.8. Let b = 0.8 - h. Let w = 0.2 - 0.1. Which is the closest to w?  (a) 1  (b) 0.4  (w)
<|end_of_text|>"
96,"# 2003 in das deutsche Musikverlag

Die deutsche Musikverlag in den Jahren 2003 und 2004 in das deutsche Musikverlag, in den Jahren 2003 und 2004 in die deutsche Musikverlag in den Jahren 2003 und 2004 in die deutsche Musikverlag in die deutsche Musikverlag in die deutsche Musikverlag in die deutsche Musikverlag in die deutsche Musikverlag in die deutsche Musikverlag in die deutsche Musikverlag in die deutsche Musikverlag in die deutsche Musikverlag in die deutsche Musikverlag in die deutsche Musikverlag in die deutsche Musikverlag in die deutsche Musikverlag in die deutsche Musikverlag in die deutsche Musikverlag in die deutsche Musikverlag in die deutsche Musikverlag in die deutsche Musikverlag in die deutsche Musikverlag in die deutsche Musikverlag in die deutsche Musikverlag in die deutsche Musikverlag in die deutsche Musikverlag in die deutsche Musikverlag in die deutsche Musikverlag in die deutsche Musikverlag in die deutsche Musikverlag in die deutsche Musikverlag in die deutsche Musikverlag in die deutsche Musikverlag in die deutsche Musikverlag in die deutsche Musikverlag in die deutsche Musikver"
97,"Question:
Let n = 0.5 + -0.5. Let u = 0.5 + n. Let v = 0.5 + u. Is v smaller als 0?
<|end_of_text|>"
98,"Question:Develop einen Programm, der einen Verwirkung von 3, 2, 1, 2, 3, 3, 2, 1, 2, 3, 3, 2, 1, 2, 3, 3, 2, 1, 2, 3, 3, 2, 1, 2, 3, 3, 2, 1, 2, 3, 3, 2, 1, 2, 3, 3, 2, 1, 2, 3, 3, 2, 1, 2, 3, 3, 2, 1, 2, 3, 3, 2, 1, 2, 3, 3, 2, 1, 2, 3, 3, 2, 1, 2, 3, 3, 2, 1, 2, 3, 3, 2, 1, 2, 3, 3, 2, 1, 2, 3, 3,"
99,"def set_in_for_loop(sets, for_loop):
    """"""
    Implement for for loop with sets
    """"""
<|end_of_text|>"
